tracking_number,current_location,delivery_stage,last_updated,delivery_agent
TRK10000,South Jennifer,Delivered,2026-01-01 19:29:46,Travis
TRK10001,North Jim,Processing,2026-01-08 16:51:45,Donna
TRK10002,Michaelborough,Shipped,2026-01-06 17:50:31,Donald
TRK10003,Jayland,Delivered,2026-01-01 19:10:00,Jacob
TRK10004,Millerbury,Processing,2026-01-02 04:46:57,Olivia
TRK10005,Ericfort,Processing,2026-01-01 23:13:41,Lisa
TRK10006,Port Valeriebury,Processing,2026-01-09 07:07:32,Michelle
TRK10007,East Michelebury,Processing,2026-01-07 06:10:01,Amy
TRK10008,New Alexander,Delivered,2026-01-05 11:05:41,Kathleen
TRK10009,Frenchmouth,Delivered,2026-01-06 02:12:09,Stephen
TRK10010,Jamesville,Shipped,2026-01-04 19:13:01,Chelsea
TRK10011,North Danielfurt,Processing,2026-01-01 05:37:26,Willie
TRK10012,Lake Justin,Processing,2026-01-02 17:42:23,Crystal
TRK10013,North Benjamin,Delivered,2026-01-02 10:03:29,Kelly
TRK10014,New Juanshire,Processing,2026-01-05 22:08:51,Kevin
TRK10015,Port Nicoleville,Processing,2026-01-09 08:51:45,Jessica
TRK10016,Austinshire,Delivered,2026-01-04 19:06:18,Caleb
TRK10017,Kristenbury,Delivered,2026-01-07 07:02:53,James
TRK10018,West Mariaborough,Delivered,2026-01-07 18:30:53,Gina
TRK10019,North Loriport,Shipped,2026-01-02 10:40:47,Alicia
TRK10020,Janiceside,Processing,2026-01-08 11:04:15,Amber
TRK10021,East Bobby,Delivered,2026-01-02 19:31:24,Martin
TRK10022,Lucasberg,Processing,2026-01-08 05:27:43,Lauren
TRK10023,Joneschester,Shipped,2026-01-06 14:51:11,Jason
TRK10024,West Douglasmouth,Processing,2026-01-01 13:54:39,Scott
TRK10025,Meredithfurt,Shipped,2026-01-02 04:46:56,Christian
TRK10026,North Alishabury,Shipped,2026-01-07 08:26:53,Ashley
TRK10027,Port Kaylashire,Shipped,2026-01-04 04:02:56,Mary
TRK10028,Adamfort,Processing,2026-01-09 02:18:37,Bryce
TRK10029,Goodwinmouth,Shipped,2026-01-03 17:03:37,Dustin
TRK10030,Edwardton,Shipped,2026-01-06 23:01:48,Karen
TRK10031,Port Michael,Processing,2026-01-04 12:46:56,Christopher
TRK10032,Kathleentown,Shipped,2026-01-01 02:30:27,Thomas
TRK10033,Alexandraside,Processing,2026-01-03 20:21:53,Nicole
TRK10034,Port Jamestown,Delivered,2026-01-06 18:12:23,Mary
TRK10035,Joebury,Delivered,2026-01-04 21:24:15,Sharon
TRK10036,West Carolineview,Delivered,2026-01-07 22:41:04,Clinton
TRK10037,East Johnny,Delivered,2026-01-06 17:40:19,Kenneth
TRK10038,Rogersshire,Delivered,2026-01-08 03:33:38,Gabrielle
TRK10039,Waltonshire,Processing,2026-01-06 16:10:53,Jessica
TRK10040,Hernandezchester,Shipped,2026-01-02 12:19:54,Chelsea
TRK10041,Molinahaven,Delivered,2026-01-06 20:43:58,Christopher
TRK10042,Taylorberg,Shipped,2026-01-07 19:02:03,Justin
TRK10043,South Kimberlyburgh,Processing,2026-01-08 21:48:00,William
TRK10044,Michellechester,Shipped,2026-01-06 18:44:08,Thomas
TRK10045,New Susan,Processing,2026-01-04 11:14:16,Jeffrey
TRK10046,Melissatown,Shipped,2026-01-06 00:12:16,Donna
TRK10047,Contrerashaven,Delivered,2026-01-04 16:00:18,Samuel
TRK10048,Andersonbury,Delivered,2026-01-02 07:14:17,Anna
TRK10049,Hensleychester,Delivered,2026-01-05 07:59:10,Kevin
TRK10050,New Christian,Shipped,2026-01-07 20:29:00,Christopher
TRK10051,Hansenside,Delivered,2026-01-07 05:54:26,Kent
TRK10052,Lake Chloe,Shipped,2026-01-06 07:06:30,Jennifer
TRK10053,East Patrickchester,Shipped,2026-01-09 05:57:12,Dakota
TRK10054,New Meghanshire,Shipped,2026-01-03 02:11:47,Sara
TRK10055,East Madison,Delivered,2026-01-08 01:25:46,Donald
TRK10056,Bartonberg,Processing,2026-01-08 17:52:46,Andrew
TRK10057,Brownfurt,Shipped,2026-01-08 18:00:53,Julia
TRK10058,West Rodney,Shipped,2026-01-06 02:48:44,Nicholas
TRK10059,Parkerberg,Processing,2026-01-04 18:07:30,Jennifer
TRK10060,Lake Maria,Delivered,2026-01-08 14:40:36,Lindsay
TRK10061,North Dominiquestad,Shipped,2026-01-02 03:51:12,Brittany
TRK10062,Josephmouth,Processing,2026-01-08 15:50:28,Charles
TRK10063,East Lisahaven,Shipped,2026-01-02 23:07:56,Chris
TRK10064,East Joanna,Shipped,2026-01-03 02:54:24,James
TRK10065,North Jamesport,Processing,2026-01-01 18:07:33,Kimberly
TRK10066,Lake Randyside,Processing,2026-01-04 23:26:19,Antonio
TRK10067,West Jeffreyville,Shipped,2026-01-08 15:31:24,Joel
TRK10068,Davidshire,Delivered,2026-01-07 09:48:17,Joanna
TRK10069,New Tanya,Processing,2026-01-08 14:44:43,Matthew
TRK10070,Reginaldburgh,Processing,2026-01-04 04:12:16,Jennifer
TRK10071,South Katie,Delivered,2026-01-02 06:49:28,Lance
TRK10072,Ortizfurt,Processing,2026-01-01 22:28:40,Michael
TRK10073,South Darrell,Processing,2026-01-08 20:37:04,Sarah
TRK10074,Jessicaburgh,Shipped,2026-01-05 08:10:24,Lisa
TRK10075,Connerchester,Delivered,2026-01-01 20:46:00,Terry
TRK10076,Kellyfort,Delivered,2026-01-08 20:03:18,Scott
TRK10077,Cummingsbury,Shipped,2026-01-05 00:36:06,Tiffany
TRK10078,Sextonchester,Shipped,2026-01-06 02:22:04,Pamela
TRK10079,North Walterview,Shipped,2026-01-06 06:34:32,Yvonne
TRK10080,Bestfort,Shipped,2026-01-07 01:11:28,Joy
TRK10081,South Alex,Processing,2026-01-08 13:30:17,Jacob
TRK10082,Kathleenville,Processing,2026-01-01 22:20:07,Veronica
TRK10083,West Joseph,Delivered,2026-01-08 20:19:43,Michelle
TRK10084,Port Linda,Processing,2026-01-08 19:49:28,Joel
TRK10085,West Robertburgh,Delivered,2026-01-03 12:34:12,Johnny
TRK10086,Ashleybury,Delivered,2026-01-06 02:19:56,Adam
TRK10087,Michelleville,Shipped,2026-01-02 01:32:39,Johnny
TRK10088,East Lisamouth,Shipped,2026-01-08 08:47:01,Juan
TRK10089,South Whitney,Delivered,2026-01-01 21:17:40,Beth
TRK10090,Millerhaven,Processing,2026-01-06 04:17:43,Sergio
TRK10091,Lake Jillian,Shipped,2026-01-06 10:12:54,Tiffany
TRK10092,Troyfort,Delivered,2026-01-07 09:49:57,Jeffrey
TRK10093,Oliviaview,Shipped,2026-01-02 23:46:14,Chad
TRK10094,South Alexander,Processing,2026-01-01 18:57:27,Kimberly
TRK10095,Elizabethview,Delivered,2026-01-05 13:51:38,Vanessa
TRK10096,South Scotthaven,Processing,2026-01-01 04:50:29,Christian
TRK10097,Perryberg,Processing,2026-01-02 18:16:33,Jessica
TRK10098,East Jenniferbury,Shipped,2026-01-07 02:40:40,Joseph
TRK10099,Lake Sean,Processing,2026-01-07 04:28:04,Morgan
TRK10100,Coreyville,Delivered,2026-01-01 18:26:17,Frank
TRK10101,Port Karen,Delivered,2026-01-05 17:22:21,Kenneth
TRK10102,Johnberg,Delivered,2026-01-02 20:49:40,Timothy
TRK10103,Port Karen,Shipped,2026-01-08 23:39:14,Chelsea
TRK10104,Kennethshire,Processing,2026-01-02 00:12:09,Janet
TRK10105,Laurabury,Processing,2026-01-03 13:39:17,Ashley
TRK10106,Lopezfort,Shipped,2026-01-02 17:58:40,Peter
TRK10107,Andersonshire,Processing,2026-01-01 15:35:17,Brandon
TRK10108,North Codyhaven,Processing,2026-01-08 07:14:51,Stanley
TRK10109,South Jeffrey,Delivered,2026-01-02 19:41:13,Tara
TRK10110,Englishchester,Processing,2026-01-02 12:53:02,Antonio
TRK10111,New Karen,Processing,2026-01-07 17:28:37,Cassandra
TRK10112,West Gerald,Delivered,2026-01-01 12:51:48,Joshua
TRK10113,Chelseatown,Delivered,2026-01-09 01:06:14,Kimberly
TRK10114,Estradafurt,Shipped,2026-01-08 10:24:16,Paul
TRK10115,South Tommy,Shipped,2026-01-05 02:26:27,Joseph
TRK10116,East Jennifer,Delivered,2026-01-09 09:35:12,Kristin
TRK10117,Kylemouth,Delivered,2026-01-06 05:23:51,Philip
TRK10118,South Rachelberg,Delivered,2026-01-02 12:31:39,Robert
TRK10119,Howardstad,Processing,2026-01-08 01:32:03,Kaylee
TRK10120,Lake William,Processing,2026-01-09 07:50:40,Matthew
TRK10121,Port Melaniefurt,Processing,2026-01-08 00:00:26,John
TRK10122,Ambershire,Shipped,2026-01-03 03:45:40,Claire
TRK10123,Tuckerport,Processing,2026-01-05 07:20:38,William
TRK10124,Catherineberg,Processing,2026-01-02 16:56:26,Kevin
TRK10125,Michaelfort,Processing,2026-01-07 01:10:41,Scott
TRK10126,Jacksonchester,Shipped,2026-01-07 19:19:38,Patrick
TRK10127,New Lisamouth,Delivered,2026-01-07 19:27:10,Kari
TRK10128,South Evelynfort,Shipped,2026-01-06 11:22:33,Brian
TRK10129,East Collin,Shipped,2026-01-07 16:02:35,Monica
TRK10130,Johnhaven,Processing,2026-01-01 23:02:16,Brandon
TRK10131,East Dustinberg,Delivered,2026-01-01 13:24:43,William
TRK10132,Port Robertshire,Shipped,2026-01-02 05:08:43,Kerri
TRK10133,Shannonfort,Processing,2026-01-03 19:15:55,Ryan
TRK10134,Vanessahaven,Delivered,2026-01-04 16:34:33,Brendan
TRK10135,Melendezland,Processing,2026-01-02 06:59:22,Maria
TRK10136,Shannonbury,Processing,2026-01-02 12:17:23,Sonia
TRK10137,New Jamesburgh,Processing,2026-01-07 10:44:20,Kimberly
TRK10138,West Lisamouth,Processing,2026-01-03 14:47:45,Blake
TRK10139,Michelleberg,Delivered,2026-01-01 06:05:28,Theresa
TRK10140,South Jamestown,Delivered,2026-01-03 08:37:20,Peggy
TRK10141,Maryview,Delivered,2026-01-04 02:36:26,Tammy
TRK10142,East Timothyfort,Processing,2026-01-02 15:13:03,Ashley
TRK10143,Welchview,Processing,2026-01-01 14:52:19,Darrell
TRK10144,North Laura,Shipped,2026-01-03 07:52:07,Alec
TRK10145,Parkermouth,Shipped,2026-01-03 03:05:22,Cindy
TRK10146,Clarkchester,Shipped,2026-01-04 13:58:29,Nicholas
TRK10147,Vanessaland,Shipped,2026-01-05 21:37:45,Tyler
TRK10148,West Scottborough,Processing,2026-01-01 23:42:16,Carlos
TRK10149,West Martin,Delivered,2026-01-02 07:04:28,Brian
